Age of Householder,Married-couples familes,,"Male householder, no wife present",,"Female householder, no husband present",,"Male householder, one person present",,"Female householder, one person present",,"Male householder,Other 2-or-more person households",,"Female householder, Other 2-or-more person households",,"Male householder, single householders",,"Female householder, single householders",,
2008,Total,Owner,Total,Owner,Total,Owner,Total,Owner,Total ,Owner,Total,Owner,Total,Owner,Total,Owner,Total,Owner,
"United States, total.....................","55,637","46,382","5,162","2,971","13,635","6,751","13,685","6,916","17,055","9,990","3,956","1,634","2,541","1,079","22,781","11,514","33,380","17,853",
...Less than 25 years..............................................,"1,164",434,857,357,"1,256",293,812,136,758,85,783,97,655,82,"2,383",574,"2,669",459,
...25 to 29 years........................................................,"3,519","2,064",665,267,"1,449",347,"1,310",393,879,211,829,234,464,131,"2,826",920,"2,863",681,
...30 to 34 years..........................................................,"4,862","3,415",520,233,"1,487",456,"1,112",401,677,230,506,198,201,73,"2,100",810,"2,387",773,
...35 to 39 years........................................................,"6,133","4,823",523,288,"1,619",669,"1,130",499,648,293,360,168,161,85,"1,999",939,"2,422","1,049",
...40 to 44 years......................................................,"6,300","5,273",552,320,"1,691",827,"1,251",587,707,350,323,178,177,95,"2,124","1,061","2,551","1,225",
...45 to 49 years........................................................,"6,686","5,832",607,412,"1,640",960,"1,453",745,"1,098",579,300,181,212,122,"2,357","1,342","2,935","1,626",
...50 to 54 years.......................................................,"6,437","5,743",481,343,"1,230",765,"1,418",802,"1,410",800,277,169,188,122,"2,185","1,319","2,828","1,698",
...55 to 59 years........................................................,"5,776","5,252",308,236,875,577,"1,329",788,"1,603","1,026",186,123,164,124,"1,841","1,162","2,652","1,734",
...60 to 64 years.........................................................,"4,840","4,450",208,156,608,412,"1,058",648,"1,619","1,101",164,114,125,96,"1,446",931,"2,310","1,560",
...65 to 69 years.........................................................,"3,540","3,277",117,87,519,395,785,506,"1,539","1,051",91,65,68,52,"1,005",675,"2,151","1,533",
...70 to 74 years........................................................,"2,520","2,326",90,68,396,306,614,390,"1,398","1,012",62,48,46,35,762,495,"1,872","1,392",
...75 years and over.................................................,"3,860","3,495",234,204,865,743,"1,412","1,022","4,719","3,253",75,58,80,62,"1,754","1,285","5,739","4,122",
,,,,,,,,,,,,,,,,,,,
É..Less than 35 years.............................................,"9,545","5,913","2,042",858,"4,192","1,097","3,234",930,"2,314",526,"2,118",529,"1,321",286,"7,309","2,304","7,920","1,913",
É..35 to 44 years.........................................................,"12,433","10,096","1,075",608,"3,310","1,496","2,381","1,086","1,355",643,683,346,338,180,"4,123","2,000","4,972","2,275",
É..45 to 54 years.....................................................,"13,123","11,575","1,088",755,"2,870","1,726","2,871","1,547","2,508","1,379",577,350,400,244,"4,541","2,662","5,763","3,325",
É..55 to 64 years......................................................,"10,616","9,701",516,392,"1,483",989,"2,387","1,436","3,222","2,127",350,237,289,220,"3,287","2,093","4,962","3,294",
É..65 years and over.............................................,"9,920","9,097",441,358,"1,780","1,444","2,811","1,918","7,656","5,315",228,172,193,149,"3,521","2,456","9,762","7,047",
2009,Total,Owner,Total,Owner,Total,Owner,Total,Owner,Total ,Owner,Total,Owner,Total,Owner,Total,Owner,Total,Owner,
"United States, total.....................","55,720","46,147","5,364","3,053","13,864","6,790","13,709","6,971","16,929","9,918","4,047","1,626","2,661","1,131","23,120","11,649","33,455","17,839",
...Less than 25 years..............................................,"1,123",410,846,368,"1,324",320,760,118,704,74,759,84,641,64,"2,365",569,"2,669",457,
...25 to 29 years........................................................,"3,440","1,896",673,256,"1,488",341,"1,288",362,878,198,884,241,502,154,"2,845",859,"2,868",693,
...30 to 34 years..........................................................,"4,827","3,312",538,239,"1,506",446,"1,105",419,675,243,513,195,249,84,"2,155",852,"2,430",774,
...35 to 39 years........................................................,"5,926","4,612",555,280,"1,621",643,"1,049",466,637,284,340,155,145,74,"1,944",902,"2,403","1,001",
...40 to 44 years......................................................,"6,203","5,177",596,348,"1,626",776,"1,189",552,702,316,325,162,157,88,"2,110","1,062","2,484","1,180",
...45 to 49 years........................................................,"6,630","5,733",618,398,"1,633",929,"1,470",753,"1,076",537,319,174,216,126,"2,407","1,324","2,924","1,591",
...50 to 54 years.......................................................,"6,594","5,851",509,360,"1,234",773,"1,495",850,"1,382",795,278,177,213,140,"2,282","1,387","2,828","1,708",
...55 to 59 years........................................................,"5,785","5,232",371,275,912,588,"1,277",757,"1,546",969,228,151,195,133,"1,876","1,184","2,653","1,690",
...60 to 64 years.........................................................,"5,094","4,651",205,158,624,427,"1,108",678,"1,673","1,117",160,112,132,103,"1,473",948,"2,428","1,647",
...65 to 69 years.........................................................,"3,695","3,416",139,109,501,376,851,553,"1,521","1,058",92,66,81,62,"1,083",728,"2,103","1,496",
...70 to 74 years........................................................,"2,592","2,399",96,75,449,354,626,398,"1,454","1,054",66,50,50,37,788,523,"1,953","1,445",
...75 years and over.................................................,"3,810","3,459",218,188,947,818,"1,493","1,065","4,682","3,272",82,58,81,65,"1,793","1,311","5,711","4,156",
,,,,,,,,,,,,,,,,,,,
É..Less than 35 years.............................................,"9,390","5,617","2,057",862,"4,318","1,106","3,153",898,"2,257",516,"2,155",520,"1,392",302,"7,365","2,280","7,967","1,924",
É..35 to 44 years.........................................................,"12,129","9,789","1,152",629,"3,247","1,419","2,237","1,018","1,339",600,665,317,302,162,"4,054","1,964","4,887","2,181",
É..45 to 54 years.....................................................,"13,224","11,584","1,127",757,"2,867","1,702","2,964","1,603","2,457","1,332",597,351,429,266,"4,689","2,712","5,753","3,300",
É..55 to 64 years......................................................,"10,880","9,882",576,433,"1,536","1,015","2,384","1,435","3,219","2,087",388,264,327,236,"3,349","2,132","5,081","3,337",
É..65 years and over.............................................,"10,097","9,274",453,371,"1,897","1,548","2,970","2,016","7,657","5,384",241,174,212,164,"3,664","2,562","9,766","7,096",
2010,Total,Owner,Total,Owner,Total,Owner,Total,Owner,Total ,Owner,Total,Owner,Total,Owner,Total,Owner,Total,Owner,
"United States, total.....................","55,408","45,471","5,566","3,167","14,212","6,907","13,778","7,063","16,953","9,929","4,122","1,679","2,862","1,244","23,465","11,909","34,027","18,080",
...Less than 25 years..............................................,"1,069",361,900,353,"1,352",330,722,116,675,78,754,94,644,65,"2,377",563,"2,671",473,
...25 to 29 years........................................................,"3,284","1,786",699,270,"1,547",343,"1,264",366,941,196,886,252,504,142,"2,849",888,"2,991",681,
...30 to 34 years..........................................................,"4,957","3,273",584,272,"1,526",466,"1,025",383,674,237,527,200,275,103,"2,137",855,"2,475",805,
...35 to 39 years........................................................,"5,681","4,310",562,288,"1,648",622,958,437,561,255,327,142,151,65,"1,846",867,"2,361",942,
...40 to 44 years......................................................,"6,132","5,023",566,350,"1,603",752,"1,163",539,674,312,321,151,163,82,"2,051","1,039","2,440","1,146",
...45 to 49 years........................................................,"6,567","5,633",618,405,"1,640",928,"1,426",711,"1,026",515,302,163,219,137,"2,346","1,278","2,885","1,581",
...50 to 54 years.......................................................,"6,459","5,698",530,367,"1,322",808,"1,550",842,"1,397",790,309,200,261,166,"2,389","1,410","2,980","1,764",
...55 to 59 years........................................................,"5,787","5,209",396,293,957,629,"1,385",817,"1,555",938,234,148,220,151,"2,015","1,258","2,732","1,718",
...60 to 64 years.........................................................,"5,162","4,715",252,192,666,460,"1,264",789,"1,730","1,170",185,125,172,129,"1,701","1,107","2,568","1,759",
...65 to 69 years.........................................................,"3,796","3,503",135,102,515,374,881,557,"1,561","1,098",107,75,108,87,"1,124",735,"2,184","1,558",
...70 to 74 years........................................................,"2,680","2,501",101,80,473,372,645,421,"1,459","1,046",74,58,67,55,819,559,"1,999","1,473",
...75 years and over.................................................,"3,832","3,459",223,194,961,824,"1,495","1,085","4,702","3,294",95,69,79,62,"1,814","1,348","5,742","4,180",
,,,,,,,,,,,,,,,,,,,
É..Less than 35 years.............................................,"9,310","5,420","2,184",896,"4,424","1,139","3,012",865,"2,290",511,"2,167",546,"1,423",309,"7,362","2,306","8,137","1,959",
É..35 to 44 years.........................................................,"11,813","9,333","1,128",637,"3,252","1,374","2,121",976,"1,235",566,648,293,314,147,"3,897","1,907","4,801","2,087",
É..45 to 54 years.....................................................,"13,027","11,331","1,148",772,"2,962","1,736","2,976","1,553","2,423","1,306",611,363,480,304,"4,735","2,689","5,865","3,345",
É..55 to 64 years......................................................,"10,950","9,924",648,486,"1,624","1,088","2,648","1,606","3,285","2,109",419,273,392,280,"3,715","2,365","5,300","3,477",
É..65 years and over.............................................,"10,308","9,463",458,376,"1,950","1,570","3,021","2,063","7,721","5,438",277,203,253,203,"3,757","2,642","9,924","7,211",
2011,Total,Owner,Total,Owner,Total,Owner,Total,Owner,Total ,Owner,Total,Owner,Total,Owner,Total,Owner,Total,Owner,
"United States, total.....................","55,073","44,907","5,657","3,146","14,399","6,929","14,051","7,109","17,205","10,072","4,202","1,660","2,959","1,275","23,909","11,915","34,562","18,276",
...Less than 25 years..............................................,"1,012",341,897,361,"1,367",354,712,103,684,72,770,81,637,60,"2,379",546,"2,688",486,
...25 to 29 years........................................................,"3,150","1,629",705,256,"1,557",342,"1,280",336,935,182,907,251,530,138,"2,891",843,"3,022",662,
...30 to 34 years..........................................................,"4,938","3,235",637,277,"1,670",477,"1,147",394,748,266,542,198,276,111,"2,326",870,"2,693",854,
...35 to 39 years........................................................,"5,458","4,045",545,279,"1,614",604,968,401,597,251,332,128,154,68,"1,845",808,"2,365",923,
...40 to 44 years......................................................,"6,051","4,868",571,328,"1,615",764,"1,105",513,691,313,324,164,159,81,"2,001","1,005","2,465","1,159",
...45 to 49 years........................................................,"6,260","5,306",610,397,"1,629",907,"1,407",726,995,484,317,176,233,127,"2,335","1,299","2,856","1,518",
...50 to 54 years.......................................................,"6,421","5,584",530,353,"1,377",848,"1,485",814,"1,382",797,313,188,278,179,"2,328","1,355","3,037","1,824",
...55 to 59 years........................................................,"5,866","5,275",406,297,969,618,"1,484",847,"1,654","1,030",243,157,226,160,"2,133","1,302","2,849","1,808",
...60 to 64 years.........................................................,"5,247","4,800",289,220,716,497,"1,335",818,"1,886","1,265",178,115,192,142,"1,802","1,153","2,794","1,904",
...65 to 69 years.........................................................,"3,851","3,574",144,102,547,399,898,584,"1,627","1,132",121,88,118,91,"1,163",774,"2,293","1,622",
...70 to 74 years........................................................,"2,865","2,672",99,80,409,330,659,436,"1,399","1,016",58,44,68,52,816,559,"1,877","1,398",
...75 years and over.................................................,"3,954","3,577",225,194,928,788,"1,572","1,136","4,608","3,264",95,70,87,65,"1,892","1,401","5,624","4,117",
,,,,,,,,,,,,,,,,,,,
É..Less than 35 years.............................................,"9,101","5,205","2,239",895,"4,594","1,173","3,138",834,"2,367",520,"2,219",530,"1,443",309,"7,595","2,259","8,403","2,002",
É..35 to 44 years.........................................................,"11,509","8,913","1,116",608,"3,229","1,368","2,073",914,"1,287",564,656,292,313,149,"3,846","1,814","4,830","2,082",
É..45 to 54 years.....................................................,"12,681","10,890","1,140",750,"3,006","1,755","2,892","1,540","2,376","1,281",630,364,511,306,"4,663","2,654","5,893","3,343",
É..55 to 64 years......................................................,"11,113","10,075",694,517,"1,685","1,116","2,819","1,665","3,540","2,295",422,272,418,302,"3,935","2,455","5,643","3,712",
É..65 years and over.............................................,"10,669","9,823",468,376,"1,885","1,517","3,128","2,156","7,635","5,412",275,201,273,209,"3,871","2,734","9,793","7,138",
2012,Total,Owner,Total,Owner,Total,Owner,Total,Owner,Total ,Owner,Total,Owner,Total,Owner,Total,Owner,Total,Owner,
"United States, total.....................","55,601","44,923","5,853","3,271","14,622","6,821","14,104","7,017","17,231","10,050","4,203","1,673","2,955","1,211","24,160","11,961","34,807","18,082",
...Less than 25 years..............................................,973,301,904,366,"1,390",341,705,91,651,84,765,81,688,54,"2,374",539,"2,728",479,
...25 to 29 years........................................................,"3,119","1,583",681,272,"1,525",329,"1,167",309,892,194,892,208,506,113,"2,740",790,"2,923",636,
...30 to 34 years..........................................................,"4,940","3,132",643,277,"1,676",453,"1,178",385,746,239,551,195,239,91,"2,372",857,"2,661",784,
...35 to 39 years........................................................,"5,293","3,812",559,286,"1,715",598,965,377,566,203,314,113,157,58,"1,838",776,"2,439",860,
...40 to 44 years......................................................,"6,098","4,834",612,348,"1,676",745,"1,117",510,717,323,298,147,156,84,"2,027","1,004","2,549","1,152",
...45 to 49 years........................................................,"6,049","5,051",614,387,"1,553",817,"1,306",661,932,458,304,173,215,120,"2,225","1,221","2,699","1,394",
...50 to 54 years.......................................................,"6,424","5,586",559,376,"1,415",846,"1,524",809,"1,367",735,313,203,249,144,"2,396","1,387","3,031","1,725",
...55 to 59 years........................................................,"6,080","5,414",450,312,"1,036",664,"1,534",861,"1,674","1,018",256,161,264,177,"2,240","1,334","2,974","1,859",
...60 to 64 years.........................................................,"5,278","4,799",289,209,769,520,"1,367",786,"1,868","1,222",202,148,181,143,"1,858","1,143","2,818","1,885",
...65 to 69 years.........................................................,"4,244","3,887",177,133,535,395,"1,008",642,"1,769","1,228",137,110,118,86,"1,322",886,"2,422","1,709",
...70 to 74 years........................................................,"2,981","2,781",118,101,400,317,703,471,"1,459","1,066",80,63,75,58,900,635,"1,934","1,442",
...75 years and over.................................................,"4,121","3,744",245,204,933,797,"1,532","1,115","4,590","3,279",91,70,107,81,"1,868","1,390","5,630","4,157",
,,,,,,,,,,,,,,,,,,,
É..Less than 35 years.............................................,"9,031","5,016","2,229",915,"4,591","1,123","3,049",786,"2,289",517,"2,209",484,"1,432",259,"7,487","2,185","8,312","1,899",
É..35 to 44 years.........................................................,"11,391","8,646","1,171",634,"3,391","1,343","2,082",886,"1,284",526,611,259,313,142,"3,865","1,780","4,987","2,011",
É..45 to 54 years.....................................................,"12,473","10,637","1,174",763,"2,967","1,663","2,831","1,470","2,299","1,193",617,376,463,264,"4,621","2,608","5,730","3,119",
É..55 to 64 years......................................................,"11,358","10,213",739,521,"1,805","1,184","2,901","1,647","3,541","2,240",458,309,446,321,"4,098","2,477","5,792","3,745",
É..65 years and over.............................................,"11,346","10,412",540,439,"1,868","1,509","3,242","2,228","7,818","5,573",308,244,300,225,"4,091","2,911","9,986","7,307",
2013,Total,Owner,Total,Owner,Total,Owner,Total,Owner,Total ,Owner,Total,Owner,Total,Owner,Total,Owner,Total,Owner,
"United States, total.....................","55,434","44,755","6,023","3,328","14,536","6,790","14,346","7,145","17,574","10,051","4,368","1,739","3,029","1,269","24,737","12,212","35,139","18,110",
...Less than 25 years..............................................,944,299,925,387,"1,384",358,741,98,720,78,780,81,666,67,"2,445",567,"2,771",503,
...25 to 29 years........................................................,"3,030","1,559",707,267,"1,504",332,"1,173",310,886,178,902,209,575,138,"2,782",785,"2,966",649,
...30 to 34 years..........................................................,"4,991","3,188",651,276,"1,655",476,"1,163",375,762,223,550,189,246,90,"2,364",841,"2,663",789,
...35 to 39 years........................................................,"5,203","3,686",620,289,"1,661",559,987,392,589,219,329,121,166,65,"1,937",803,"2,416",843,
...40 to 44 years......................................................,"5,847","4,656",646,353,"1,672",729,"1,101",497,682,294,295,147,165,90,"2,042",998,"2,519","1,112",
...45 to 49 years........................................................,"5,991","4,994",574,361,"1,512",765,"1,226",615,942,460,309,177,211,125,"2,109","1,153","2,665","1,350",
...50 to 54 years.......................................................,"6,451","5,554",560,380,"1,391",816,"1,529",791,"1,383",743,354,218,234,142,"2,443","1,389","3,008","1,700",
...55 to 59 years........................................................,"6,087","5,393",457,323,"1,059",688,"1,566",871,"1,682",998,270,180,252,163,"2,293","1,374","2,993","1,848",
...60 to 64 years.........................................................,"5,247","4,741",312,217,747,500,"1,438",835,"1,884","1,192",205,143,188,144,"1,956","1,196","2,819","1,835",
...65 to 69 years.........................................................,"4,502","4,133",175,140,549,395,"1,065",666,"1,770","1,180",160,115,136,101,"1,400",921,"2,455","1,676",
...70 to 74 years........................................................,"3,102","2,877",123,96,443,348,744,516,"1,618","1,164",97,75,77,60,965,687,"2,138","1,572",
...75 years and over.................................................,"4,038","3,675",272,237,959,826,"1,614","1,178","4,655","3,322",115,83,114,85,"2,001","1,498","5,728","4,233",
,,,,,,,,,,,,,,,,,,,
É..Less than 35 years.............................................,"8,965","5,046","2,283",930,"4,544","1,166","3,076",783,"2,369",480,"2,232",479,"1,487",295,"7,591","2,193","8,400","1,941",
É..35 to 44 years.........................................................,"11,050","8,342","1,266",642,"3,333","1,288","2,089",889,"1,271",512,625,269,331,155,"3,979","1,800","4,935","1,955",
É..45 to 54 years.....................................................,"12,442","10,548","1,134",741,"2,903","1,580","2,755","1,406","2,325","1,203",663,395,444,267,"4,552","2,542","5,672","3,050",
É..55 to 64 years......................................................,"11,334","10,134",770,540,"1,806","1,188","3,004","1,706","3,566","2,190",475,324,440,306,"4,249","2,570","5,812","3,684",
É..65 years and over.............................................,"11,642","10,685",571,474,"1,950","1,568","3,423","2,360","8,043","5,666",372,272,327,247,"4,366","3,107","10,320","7,481",
2014,Total,Owner,Total,Owner,Total,Owner,Total,Owner,Total ,Owner,Total,Owner,Total,Owner,Total,Owner,Total,Owner,
"United States, total.....................","55,779","44,761","6,125","3,338","14,614","6,756","14,567","7,156","17,749","10,053","4,426","1,668","3,155","1,307","25,118","12,162","35,518","18,116",
...Less than 25 years..............................................,873,278,968,383,"1,319",340,803,111,734,79,790,82,674,67,"2,561",576,"2,727",486,
...25 to 29 years........................................................,"2,948","1,467",776,308,"1,492",327,"1,222",278,910,174,929,217,607,137,"2,928",803,"3,009",638,
...30 to 34 years..........................................................,"5,048","3,181",648,269,"1,702",474,"1,139",360,754,202,559,186,278,97,"2,345",815,"2,734",773,
...35 to 39 years........................................................,"5,311","3,721",609,320,"1,677",560,"1,032",415,579,234,359,126,172,78,"2,000",861,"2,428",872,
...40 to 44 years......................................................,"5,738","4,449",647,363,"1,646",690,"1,066",477,649,263,301,133,158,76,"2,015",974,"2,452","1,029",
...45 to 49 years........................................................,"5,929","4,877",569,349,"1,493",750,"1,170",570,914,438,301,162,219,117,"2,040","1,080","2,626","1,304",
...50 to 54 years.......................................................,"6,442","5,523",560,365,"1,346",775,"1,484",789,"1,362",736,318,195,258,166,"2,362","1,349","2,966","1,678",
...55 to 59 years........................................................,"6,103","5,436",454,311,"1,058",670,"1,543",843,"1,740","1,018",282,168,248,176,"2,279","1,321","3,046","1,864",
...60 to 64 years.........................................................,"5,381","4,849",317,226,780,523,"1,458",845,"1,885","1,187",202,134,200,132,"1,977","1,205","2,866","1,842",
...65 to 69 years.........................................................,"4,668","4,276",194,141,602,431,"1,173",742,"1,832","1,242",155,103,141,104,"1,522",987,"2,576","1,778",
...70 to 74 years........................................................,"3,242","2,992",127,91,463,352,786,526,"1,672","1,177",110,86,82,66,"1,023",703,"2,218","1,595",
...75 years and over.................................................,"4,094","3,712",255,211,"1,036",863,"1,693","1,201","4,718","3,303",118,76,118,90,"2,066","1,487","5,871","4,257",
,,,,,,,,,,,,,,,,,,,
É..Less than 35 years.............................................,"8,869","4,927","2,392",960,"4,513","1,140","3,164",749,"2,397",454,"2,278",485,"1,559",302,"7,834","2,194","8,470","1,896",
É..35 to 44 years.........................................................,"11,049","8,169","1,257",684,"3,323","1,250","2,098",892,"1,228",497,660,259,329,154,"4,015","1,835","4,880","1,901",
É..45 to 54 years.....................................................,"12,372","10,400","1,129",714,"2,838","1,525","2,654","1,359","2,276","1,174",620,357,477,283,"4,403","2,430","5,592","2,982",
É..55 to 64 years......................................................,"11,485","10,285",771,537,"1,838","1,194","3,000","1,688","3,626","2,205",484,302,448,308,"4,256","2,527","5,911","3,706",
É..65 years and over.............................................,"12,005","10,980",576,444,"2,102","1,647","3,652","2,469","8,222","5,723",383,265,341,260,"4,611","3,178","10,665","7,630",
2015,Total,Owner,Total,Owner,Total,Owner,Total,Owner,Total ,Owner,Total,Owner,Total,Owner,Total,Owner,Total,Owner,
"United States, total.....................","56,205","44,754","6,132","3,300","14,742","6,763","14,942","7,246","18,053","9,982","4,539","1,663","3,232","1,314","25,613","12,209","36,028","18,059",
...Less than 25 years..............................................,920,298,952,395,"1,309",334,743,103,699,69,826,77,698,64,"2,521",575,"2,706",467,
...25 to 29 years........................................................,"2,953","1,450",787,313,"1,511",322,"1,280",292,958,171,958,194,600,127,"3,025",799,"3,069",619,
...30 to 34 years..........................................................,"5,018","3,097",696,282,"1,606",421,"1,175",370,753,208,588,183,297,92,"2,459",836,"2,655",721,
...35 to 39 years........................................................,"5,416","3,782",603,284,"1,693",582,"1,013",375,618,222,362,142,159,65,"1,978",801,"2,470",869,
...40 to 44 years......................................................,"5,761","4,359",594,310,"1,646",682,"1,035",428,670,270,280,120,143,67,"1,909",858,"2,459","1,019",
...45 to 49 years........................................................,"5,944","4,845",584,352,"1,474",735,"1,218",597,892,410,298,157,199,123,"2,100","1,105","2,565","1,267",
...50 to 54 years.......................................................,"6,188","5,322",537,363,"1,381",769,"1,487",753,"1,308",695,336,184,261,169,"2,359","1,300","2,950","1,633",
...55 to 59 years........................................................,"6,170","5,411",441,304,"1,155",711,"1,603",899,"1,706","1,001",277,175,263,173,"2,321","1,379","3,124","1,885",
...60 to 64 years.........................................................,"5,523","4,951",340,228,784,530,"1,468",822,"1,968","1,197",223,150,233,155,"2,031","1,201","2,985","1,882",
...65 to 69 years.........................................................,"4,866","4,441",219,159,684,469,"1,236",782,"1,985","1,299",178,129,171,123,"1,633","1,070","2,839","1,891",
...70 to 74 years........................................................,"3,283","3,043",125,90,459,349,898,596,"1,749","1,235",111,80,94,72,"1,134",766,"2,302","1,657",
...75 years and over.................................................,"4,163","3,757",255,218,"1,040",859,"1,786","1,229","4,749","3,206",103,73,115,84,"2,144","1,520","5,904","4,149",
,,,,,,,,,,,,,,,,,,,
É..Less than 35 years.............................................,"8,891","4,845","2,435",991,"4,426","1,077","3,198",765,"2,410",447,"2,372",454,"1,594",283,"8,006","2,210","8,430","1,807",
É..35 to 44 years.........................................................,"11,177","8,141","1,196",594,"3,340","1,264","2,048",804,"1,288",492,642,262,302,132,"3,886","1,659","4,930","1,888",
É..45 to 54 years.....................................................,"12,132","10,166","1,121",715,"2,855","1,504","2,704","1,350","2,199","1,104",634,340,460,292,"4,459","2,405","5,514","2,900",
É..55 to 64 years......................................................,"11,692","10,362",781,532,"1,939","1,241","3,071","1,721","3,674","2,198",500,326,496,328,"4,352","2,579","6,109","3,767",
É..65 years and over.............................................,"12,312","11,240",599,468,"2,183","1,677","3,920","2,606","8,483","5,741",392,282,380,279,"4,911","3,356","11,045","7,696",
2016,Total,Owner,Total,Owner,Total,Owner,Total,Owner,Total ,Owner,Total,Owner,Total,Owner,Total,Owner,Total,Owner,
"United States, total.....................","56,623","45,270","6,279","3,374","14,703","6,723","15,039","7,093","18,296","9,997","4,664","1,684","3,284","1,260","25,982","12,151","36,283","17,980",
...Less than 25 years..............................................,890,294,954,391,"1,290",360,777,105,708,64,829,74,740,66,"2,560",570,"2,738",490,
...25 to 29 years........................................................,"2,902","1,429",752,303,"1,492",329,"1,334",284,961,148,"1,054",204,628,119,"3,140",791,"3,081",596,
...30 to 34 years..........................................................,"4,957","3,071",718,314,"1,591",395,"1,174",339,795,214,643,199,311,98,"2,535",852,"2,697",706,
...35 to 39 years........................................................,"5,569","3,938",651,272,"1,735",590,"1,015",370,650,230,354,143,160,58,"2,020",786,"2,544",878,
...40 to 44 years......................................................,"5,629","4,301",607,325,"1,650",705,964,377,666,259,248,109,147,64,"1,820",811,"2,463","1,028",
...45 to 49 years........................................................,"5,866","4,761",610,368,"1,479",703,"1,244",578,881,395,290,145,192,99,"2,143","1,091","2,552","1,197",
...50 to 54 years.......................................................,"6,095","5,216",544,343,"1,347",772,"1,430",754,"1,290",662,322,186,243,144,"2,297","1,283","2,881","1,577",
...55 to 59 years........................................................,"6,151","5,420",471,315,"1,128",688,"1,692",914,"1,730",981,304,186,257,178,"2,467","1,415","3,116","1,847",
...60 to 64 years.........................................................,"5,613","5,024",335,237,796,500,"1,510",846,"1,996","1,233",230,153,207,144,"2,075","1,237","3,000","1,878",
...65 to 69 years.........................................................,"5,134","4,671",216,160,694,475,"1,250",749,"2,033","1,335",169,121,176,131,"1,634","1,030","2,902","1,941",
...70 to 74 years........................................................,"3,457","3,203",151,115,468,350,869,581,"1,830","1,293",103,80,98,72,"1,123",777,"2,395","1,716",
...75 years and over.................................................,"4,361","3,941",272,229,"1,032",856,"1,779","1,195","4,755","3,182",117,84,126,88,"2,168","1,508","5,913","4,126",
,,,,,,,,,,,,,,,,,,,
É..Less than 35 years.............................................,"8,749","4,795","2,424","1,009","4,373","1,083","3,285",728,"2,464",426,"2,526",477,"1,679",282,"8,235","2,214","8,516","1,792",
É..35 to 44 years.........................................................,"11,197","8,240","1,257",597,"3,385","1,295","1,980",747,"1,316",489,602,253,307,122,"3,839","1,597","5,008","1,906",
É..45 to 54 years.....................................................,"11,961","9,977","1,154",711,"2,826","1,475","2,674","1,332","2,171","1,057",612,330,435,242,"4,440","2,374","5,433","2,774",
É..55 to 64 years......................................................,"11,764","10,444",806,553,"1,925","1,189","3,202","1,761","3,727","2,215",534,338,464,322,"4,542","2,652","6,116","3,725",
É..65 years and over.............................................,"12,952","11,815",638,504,"2,193","1,682","3,897","2,525","8,618","5,810",390,285,399,291,"4,925","3,315","11,211","7,783",
2017,Total,Owner,Total,Owner,Total,Owner,Total,Owner,Total ,Owner,Total,Owner,Total,Owner,Total,Owner,Total,Owner,
"United States, total.....................","57,097","45,761","6,303","3,501","14,552","6,796","15,228","7,204","18,659","10,251","4,776","1,774","3,348","1,318","26,307","12,479","36,559","18,365",
...Less than 25 years..............................................,873,294,977,392,"1,185",337,736,118,668,70,809,73,718,61,"2,521",584,"2,571",468,
...25 to 29 years........................................................,"3,027","1,498",772,321,"1,445",322,"1,338",298,978,184,"1,085",216,667,148,"3,195",834,"3,090",653,
...30 to 34 years..........................................................,"4,888","3,019",667,295,"1,602",437,"1,248",364,822,226,636,209,335,112,"2,551",867,"2,759",775,
...35 to 39 years........................................................,"5,715","4,065",629,305,"1,715",619,"1,079",403,722,257,363,140,172,72,"2,072",848,"2,609",948,
...40 to 44 years......................................................,"5,501","4,184",609,336,"1,622",708,965,378,662,259,276,111,137,64,"1,851",825,"2,420","1,031",
...45 to 49 years........................................................,"5,927","4,864",630,397,"1,537",719,"1,134",517,865,386,303,161,182,94,"2,068","1,075","2,584","1,199",
...50 to 54 years.......................................................,"5,927","5,039",524,341,"1,309",743,"1,353",672,"1,239",632,331,203,248,142,"2,208","1,216","2,796","1,518",
...55 to 59 years........................................................,"6,105","5,369",473,330,"1,129",698,"1,640",886,"1,753",967,297,175,251,170,"2,410","1,391","3,134","1,835",
...60 to 64 years.........................................................,"5,787","5,211",342,240,830,533,"1,607",921,"2,006","1,263",254,176,207,146,"2,202","1,336","3,044","1,942",
...65 to 69 years.........................................................,"5,186","4,728",211,164,666,477,"1,301",771,"2,105","1,382",167,120,172,119,"1,678","1,054","2,944","1,978",
...70 to 74 years........................................................,"3,780","3,506",170,133,480,358,985,664,"1,939","1,336",122,96,118,86,"1,277",892,"2,538","1,780",
...75 years and over.................................................,"4,380","3,984",298,248,"1,031",844,"1,843","1,213","4,899","3,289",132,95,139,104,"2,274","1,556","6,069","4,237",
,,,,,,,,,,,,,,,,,,,
É..Less than 35 years.............................................,"8,789","4,811","2,415","1,007","4,232","1,096","3,322",780,"2,468",481,"2,529",498,"1,721",320,"8,266","2,285","8,421","1,897",
É..35 to 44 years.........................................................,"11,215","8,249","1,239",641,"3,337","1,327","2,044",781,"1,383",516,640,251,308,137,"3,923","1,673","5,029","1,979",
É..45 to 54 years.....................................................,"11,854","9,903","1,154",737,"2,846","1,462","2,487","1,189","2,104","1,018",634,365,430,236,"4,276","2,291","5,380","2,716",
É..55 to 64 years......................................................,"11,892","10,580",815,570,"1,960","1,231","3,246","1,806","3,759","2,231",551,350,459,316,"4,612","2,727","6,178","3,777",
É..65 years and over.............................................,"13,346","12,218",680,545,"2,177","1,680","4,129","2,647","8,944","6,007",421,310,430,309,"5,230","3,503","11,551","7,995",
2018,Total,Owner,Total,Owner,Total,Owner,Total,Owner,Total ,Owner,Total,Owner,Total,Owner,Total,Owner,Total,Owner,
"United States, total....................."," 57,293 "," 46,281 "," 6,579 "," 3,701 "," 14,577 "," 6,988 "," 15,638 "," 7,416 "," 18,831 "," 10,424 "," 4,921 "," 1,900 "," 3,619 "," 1,501 "," 27,137 "," 13,016 "," 37,028 "," 18,914 ",
...Less than 25 years.............................................., 839 , 288 , 984 , 417 ," 1,117 ", 313 , 796 , 130 , 711 , 85 , 813 , 74 , 768 , 64 ," 2,593 ", 621 ," 2,596 ", 462 ,
...25 to 29 years........................................................," 2,948 "," 1,518 ", 807 , 309 ," 1,490 ", 367 ," 1,467 ", 319 ," 1,059 ", 196 ," 1,093 ", 241 , 675 , 151 ," 3,366 ", 869 ," 3,224 ", 715 ,
...30 to 34 years..........................................................," 4,948 "," 3,150 ", 736 , 354 ," 1,517 ", 449 ," 1,275 ", 371 , 808 , 222 , 611 , 197 , 344 , 139 ," 2,623 ", 922 ," 2,670 ", 810 ,
...35 to 39 years........................................................," 5,805 "," 4,192 ", 654 , 341 ," 1,753 ", 654 ," 1,078 ", 385 , 693 , 265 , 389 , 161 , 210 , 94 ," 2,120 ", 887 ," 2,656 "," 1,012 ",
...40 to 44 years......................................................," 5,560 "," 4,295 ", 610 , 340 ," 1,554 ", 647 , 912 , 358 , 625 , 247 , 256 , 123 , 158 , 72 ," 1,777 ", 821 ," 2,337 ", 966 ,
...45 to 49 years........................................................," 5,811 "," 4,791 ", 639 , 397 ," 1,527 ", 779 ," 1,118 ", 522 , 908 , 430 , 301 , 155 , 193 , 109 ," 2,058 "," 1,074 "," 2,628 "," 1,317 ",
...50 to 54 years.......................................................," 5,801 "," 4,994 ", 554 , 363 ," 1,293 ", 737 ," 1,380 ", 687 ," 1,212 ", 635 , 336 , 202 , 273 , 166 ," 2,271 "," 1,252 "," 2,778 "," 1,538 ",
...55 to 59 years........................................................," 6,031 "," 5,290 ", 501 , 343 ," 1,165 ", 719 ," 1,560 ", 849 ," 1,672 ", 960 , 341 , 204 , 272 , 174 ," 2,402 "," 1,396 "," 3,109 "," 1,853 ",
...60 to 64 years.........................................................," 5,942 "," 5,329 ", 370 , 275 , 878 , 577 ," 1,615 ", 930 ," 1,976 "," 1,214 ", 281 , 183 , 251 , 183 ," 2,267 "," 1,387 "," 3,105 "," 1,974 ",
...65 to 69 years.........................................................," 5,187 "," 4,774 ", 247 , 177 , 693 , 482 ," 1,400 ", 848 ," 2,099 "," 1,386 ", 200 , 131 , 182 , 134 ," 1,847 "," 1,157 "," 2,974 "," 2,002 ",
...70 to 74 years........................................................," 3,913 "," 3,618 ", 176 , 138 , 550 , 408 ," 1,078 ", 695 ," 2,028 "," 1,396 ", 141 , 112 , 137 , 101 ," 1,395 ", 945 ," 2,715 "," 1,905 ",
...75 years and over.................................................," 4,509 "," 4,043 ", 301 , 246 ," 1,041 ", 857 ," 1,959 "," 1,322 "," 5,039 "," 3,388 ", 158 , 115 , 156 , 115 ," 2,418 "," 1,684 "," 6,236 "," 4,360 ",
,,,,,,,,,,,,,,,,,,,
É..Less than 35 years.............................................," 8,735 "," 4,956 "," 2,527 "," 1,081 "," 4,124 "," 1,129 "," 3,538 ", 819 ," 2,578 ", 503 ," 2,517 ", 512 ," 1,787 ", 355 ," 8,582 "," 2,412 "," 8,489 "," 1,986 ",
É..35 to 44 years.........................................................," 11,366 "," 8,487 "," 1,263 ", 681 ," 3,306 "," 1,301 "," 1,990 ", 743 ," 1,319 ", 512 , 645 , 284 , 368 , 166 ," 3,898 "," 1,708 "," 4,993 "," 1,979 ",
É..45 to 54 years.....................................................," 11,612 "," 9,785 "," 1,193 ", 760 ," 2,820 "," 1,515 "," 2,498 "," 1,209 "," 2,120 "," 1,065 ", 637 , 357 , 466 , 275 ," 4,329 "," 2,327 "," 5,406 "," 2,855 ",
É..55 to 64 years......................................................," 11,972 "," 10,619 ", 871 , 617 ," 2,042 "," 1,296 "," 3,175 "," 1,779 "," 3,649 "," 2,175 ", 622 , 387 , 523 , 356 ," 4,668 "," 2,784 "," 6,214 "," 3,827 ",
É..65 years and over.............................................," 13,608 "," 12,434 ", 724 , 562 ," 2,285 "," 1,747 "," 4,437 "," 2,865 "," 9,166 "," 6,170 ", 500 , 359 , 474 , 350 ," 5,660 "," 3,786 "," 11,925 "," 8,267 ",
,,,,,,,,,,,,,,,,,,,
,,,,,,,,,,,,,,,,,,,
,,,,,,,,,,,,,,,,,,,
,,,,,,,,,,,,,,,,,,,
,,,,,,,,,,,,,,,,,,,
,,,,,,,,,,,,,,,,,,,
,,,,,,,,,,,,,,,,,,,
,,,,,,,,,,,,,,,,,,,
,,,,,,,,,,,,,,,,,,,
,,,,,,,,,,,,,,,,,,,
,,,,,,,,,,,,,,,,,,,
,,,,,,,,,,,,,,,,,,,
,,,,,,,,,,,,,,,,,,,
,,,,,,,,,,,,,,,,,,,
,,,,,,,,,,,,,,,,,,,
,,,,,,,,,,,,,,,,,,,
,,,,,,,,,,,,,,,,,,,
,,,,,,,,,,,,,,,,,,,
,,,,,,,,,,,,,,,,,,,
,,,,,,,,,,,,,,,,,,,
,,,,,,,,,,,,,,,,,,,
,,,,,,,,,,,,,,,,,,,
,,,,,,,,,,,,,,,,,,,
,,,,,,,,,,,,,,,,,,,
,,,,,,,,,,,,,,,,,,,
,,,,,,,,,,,,,,,,,,,
,,,,,,,,,,,,,,,,,,,
,,,,,,,,,,,,,,,,,,,
,,,,,,,,,,,,,,,,,,,
,,,,,,,,,,,,,,,,,,,
,,,,,,,,,,,,,,,,,,,
,,,,,,,,,,,,,,,,,,,
,,,,,,,,,,,,,,,,,,,
,,,,,,,,,,,,,,,,,,,
,,,,,,,,,,,,,,,,,,,
,,,,,,,,,,,,,,,,,,,
,,,,,,,,,,,,,,,,,,,
,,,,,,,,,,,,,,,,,,,
,,,,,,,,,,,,,,,,,,,
,,,,,,,,,,,,,,,,,,,
,,,,,,,,,,,,,,,,,,,